name,github,area,personal_page,twitter,linkedin,image,famous_work,link,Company,Job
Eugene Zhulenev,https://github.com/ezhulenev, machine learning compilers and runtimes,https://ezhulenev.com/,https://x.com/ezhulenev,https://www.linkedin.com/in/eugenezhulenev,https://avatars.githubusercontent.com/u/1174378?v=4,Tensorflow,https://github.com/tensorflow/tensorflow,Google,Software Engineer
Shaw Walters,https://github.com/elizaOS/eliza,AI Agent,,https://x.com/shawmakesmagic,https://www.linkedin.com/in/shaw-walters-36603a289/,https://encrypted-tbn0.gstatic.com/images?q=tbn:ANd9GcTXTvgXlOjt6UKF4G8iKmIn-MvjaJI8XOswVA&s,ElizaOS,https://github.com/elizaOS/eliza,Eliza Labs,Founder
Patrick von Platen,https://github.com/patrickvonplaten,Diffusion Model,,https://x.com/pvonplaten,https://www.linkedin.com/in/patrick-von-platen-343401123?originalSubdomain=fr,https://avatars.githubusercontent.com/u/23423619?v=4,Diffusers (Huggingface),https://github.com/huggingface/diffusers,Mistral AI,Research Engineer
Thomas Wolf,https://github.com/thomwolf,"LLM, Robotics",https://thomwolf.io/,https://x.com/Thom_Wolf,https://www.linkedin.com/in/thom-wolf/,https://avatars.githubusercontent.com/u/7353373?v=4,Transformers (Huggingface),https://github.com/huggingface/transformers,Huggingface,CSO (Chief Science Officier)
Adam Paszke,https://github.com/apaszke,Deep Learning Framework,https://apaszke.github.io/,https://x.com/apaszke,,https://avatars.githubusercontent.com/u/4583066?v=4,PyTorch,https://github.com/pytorch/pytorch,Google,Research Scientist
Guillaume Lample,https://github.com/glample,"LLM, unsupervised learning",,https://x.com/guillaumelample?lang=en,https://www.linkedin.com/in/guillaume-lample-7821095b?originalSubdomain=fr,"https://images.crunchbase.com/image/upload/c_thumb,h_256,w_256,f_auto,g_face,z_0.7,q_auto:eco,dpr_1/gbvduy057vnacczkbyqi",Llama,https://github.com/meta-llama/llama,Mistral AI,Cofounder & Chief Scientist
Guido van Rossum,https://github.com/gvanrossum,Programming Language,https://gvanrossum.github.io/,https://x.com/gvanrossum?lang=gu,,https://upload.wikimedia.org/wikipedia/commons/thumb/6/6b/Guido_van_Rossum_in_PyConUS24_%28cropped%29.jpg/330px-Guido_van_Rossum_in_PyConUS24_%28cropped%29.jpg,Python,https://github.com/python,Retired,"Python's BDFL-emeritus, Distinguished Engineer at Microsoft, Computer History Fellow"
Anders Hejlsberg,https://github.com/ahejlsberg,Programming Language,,https://x.com/ahejlsberg?lang=en,https://www.linkedin.com/in/ahejlsberg,https://encrypted-tbn0.gstatic.com/images?q=tbn:ANd9GcTdxKgIbeB7ocMCy0VpAcxitCwZXQFyH-VoMg&s,TypeScript,https://github.com/microsoft/TypeScript,Microsoft,Technical Fellow
Bjarne Stroustrup,https://github.com/BjarneStroustrup,Programming Language,https://www.stroustrup.com/,https://x.com/stroustrup,https://www.linkedin.com/in/bjarnestroustrup,https://www.stroustrup.com/Bjarne2018.jpg,C++,,Columbia University,Professor
François Chollet,https://github.com/fchollet,Deep Learning,,https://x.com/fchollet,https://www.linkedin.com/in/fchollet,https://encrypted-tbn0.gstatic.com/images?q=tbn:ANd9GcQKDDbFALAhWd8-TWcLJ600c91gWnutoigpSg&s,Keras,https://github.com/keras-team/keras,ndea,Co-founder
Tim Neutkens,https://github.com/timneutkens,Frontend,https://timn.tech/,https://x.com/timneutkens,,https://avatars.githubusercontent.com/u/6324199?v=4,Next.js,https://github.com/vercel/next.js/,Vercel,Tech lead 
Adam Wathan,https://adamwathan.me/,Frontend,,https://x.com/adamwathan,,https://pbs.twimg.com/profile_images/1677042510839857154/Kq4tpySA_400x400.jpg,Tailwind CSS,https://github.com/tailwindlabs/tailwindcss,Self-employed,Indie developer
You yuxi,https://github.com/yyx990803,Frontend,https://evanyou.me/,https://x.com/youyuxi,,https://avatars.githubusercontent.com/u/499550?v=4,Vue.js,https://github.com/vuejs,VoidZero,Founder
Magnus M¨¹ller,https://github.com/MagMueller,AI Agent,,https://x.com/mamagnus00,https://www.linkedin.com/in/magnus-mueller/,https://avatars.githubusercontent.com/u/67061560?v=4,Browser Use,https://github.com/browser-use/browser-use,Browser Use,Founder
Travis E. Oliphant,https://github.com/teoliphant,Data Science,https://technicaldiscovery.blogspot.com/,https://x.com/teoliphant,https://www.linkedin.com/in/teoliphant,https://encrypted-tbn0.gstatic.com/images?q=tbn:ANd9GcSSG-rsEKV-4imbLAj3dmLvLA5n0NCw4DhFGg&s,Numpy,https://github.com/numpy/numpy,Quansight ,Founder
Rajesh Velicheti,https://github.com/rajeshvelicheti,ML Architecture,,,https://www.linkedin.com/in/rajesh-velicheti-3181283/,https://media.licdn.com/dms/image/v2/C4E03AQFxpFEqg3CVJQ/profile-displayphoto-shrink_800_800/profile-displayphoto-shrink_800_800/0/1516288241092?e=1749686400&v=beta&t=UxkY_ubVtx_m1AdAajBs5fx4GCfa6sAOeaLBiEQkGAE,Agent2Agent,https://github.com/google/A2A,Google,Engineering Manager
Jan Oberhauser,https://github.com/janober,AI Agent,https://n8n.io/creators/jan/,https://x.com/janoberhauser,,https://avatars.githubusercontent.com/u/6249596?v=4,n8n,https://github.com/n8n-io/n8n,n8n,Founder
Chenlei Hu,https://github.com/huchenlei,AI Tooling,,https://x.com/HclHno3,https://www.linkedin.com/in/chenlei-hu-53aa8aa2/,https://media.licdn.com/dms/image/v2/C4E03AQEflSyZNWUCAA/profile-displayphoto-shrink_800_800/profile-displayphoto-shrink_800_800/0/1517228770929?e=1749686400&v=beta&t=I-iBsBtLsmZU7ujivjmRlxvjqs69tpdZ1uKUAYm9dSI,ComfyUI,https://github.com/comfyanonymous/ComfyUI,ComfyUI,Founding Software Engineer
Harrison Chase,https://github.com/hwchase17,AI Agent,,https://x.com/hwchase17,https://www.linkedin.com/in/harrison-chase-961287118,https://www.sequoiacap.com/wp-content/uploads/sites/6/2024/02/harrison-chase-langchain-ink.jpg,LangChain,https://github.com/langchain-ai/langchain,LangChain,Founder
Reinier van der Leer,https://github.com/Pwuts,AI Agent,https://pwuts.nl/,https://x.com/Pwuts1337,https://www.linkedin.com/in/reiniervdleer/nl?originalSubdomain=nl,https://avatars.githubusercontent.com/u/12185583?v=4,AutoGPT,https://github.com/Significant-Gravitas/AutoGPT,AutoGPT,Founding Engineer 
Linus Torvalds,https://github.com/torvalds,Operating System,,https://x.com/Linus__Torvalds,,https://pbs.twimg.com/profile_images/2828597835/0f1840e9c2fbafa93fe6f0d7ccf64a3e_400x400.jpeg,Linux,https://github.com/torvalds/linux,Linux Foundation,Founder
Andrej Karpathy,https://github.com/karpathy,"Deep Learning, LLM",https://karpathy.ai/,https://x.com/karpathy,,https://karpathy.ai/assets/me_new.jpg,llm.c,https://github.com/karpathy/llm.c," 
EurekaLabs",Founder
Mark Otto,https://github.com/mdo,Frontend,https://markdotto.com/,https://x.com/mdo,https://www.linkedin.com/in/markdotto,https://pbs.twimg.com/profile_images/1196263867178872832/BET9cPgr_400x400.jpg,Bootstrap,https://github.com/twbs/bootstrap,Pierre,Founder
Kenneth Reitz,https://github.com/kennethreitz,Python,https://kennethreitz.org/,https://x.com/kennethreitz42,,https://avatars.githubusercontent.com/u/119893?v=4,Requests,https://github.com/psf/requests,Unknown,Indie developer
Dan Abramov,https://github.com/gaearon,Frontend,https://danabra.mov/,,,https://avatars.githubusercontent.com/u/810438?v=4,React,https://github.com/facebook/react,Bluesky,Co-founder
Douglas Crockford,https://github.com/douglascrockford,Java,https://www.crockford.com/wota.html,,,https://encrypted-tbn0.gstatic.com/images?q=tbn:ANd9GcTWeK3KCdAUjmp3h3iXwm2p0ROaF7Cz-lSwNA&s,JSON,,Retired,Retired
Addy Osmani,https://github.com/addyosmani,Frontend,https://www.addyosmani.com/,https://x.com/addyosmani,https://www.linkedin.com/in/addyosmani/,https://pbs.twimg.com/profile_images/1905363780500160512/lUd1G9HO_400x400.jpg,Google Chrome ,https://github.com/googlechrome,Google,Engineering Leader
Rasmus Lerdorf,https://github.com/rlerdorf,Backend,https://toys.lerdorf.com/,https://x.com/rasmus,,https://encrypted-tbn0.gstatic.com/images?q=tbn:ANd9GcQEmQnAipiKR-ha3DtbtiFBkZCnox_Ln-KKw8_oxWXoI0ppJghe0S03Rtosrwqt6Es06K4_OyllIrJnFRYZyv20cw,PHP,https://github.com/php/php-src,Etsy,Engineer
Graydon Hoare,https://github.com/graydon,Compiler ,,,,https://encrypted-tbn0.gstatic.com/images?q=tbn:ANd9GcQFZ4R3wA3ZWxshLtu71twAerWRYQeORDa9jw&s,Rust,https://github.com/rust-lang/rust,Unknown,Unknown
Tianqi Chen,https://github.com/tqchen,Large scale Machine Learning,https://tqchen.com/,https://x.com/tqchenml,,https://avatars.githubusercontent.com/u/2577440?v=4,Xgboost,https://github.com/dmlc/xgboost,"Carnegie Mellon University
",Assistant Professor
Woosuk Kwon,https://github.com/WoosukKwon,AI Infra,https://woosuk.me/,https://x.com/woosuk_k,,https://pbs.twimg.com/profile_images/1656217319872565251/yT3efSyF_400x400.jpg,vLLM,https://github.com/vllm-project/vllm,UC Berkeley,Ph.D
Lianmin Zheng,https://github.com/merrymercy,AI Infra,https://lmzheng.net/,https://x.com/lm_zheng,,https://github.com/merrymercy/merrymercy.github.io/blob/master/images/profile.jpg?raw=true,SGLang,https://github.com/sgl-project/sglang,xAI,member of technical staff
Yangqing Jia,https://github.com/yangqing,AI Infra,https://daggerfs.com/,https://x.com/jiayq,,https://avatars.githubusercontent.com/u/551151?v=4,Caffe,https://github.com/BVLC/caffe,Lepton AI,Founder
Sebasti¨¢n Ram¨ªrez,https://github.com/tiangolo,AI/ML Tools,https://tiangolo.com/,https://x.com/tiangolo,,https://avatars.githubusercontent.com/u/1326112?v=4,FastAPI,https://github.com/fastapi/fastapi,Self-employed,Indie developer
Jin Hai,https://github.com/JinHai-CN,AI Infra,,https://x.com/vaampz,https://www.linkedin.com/in/hai-jin-40730284/?originalSubdomain=cn,https://avatars.githubusercontent.com/u/33142505?v=4,Milvus ,https://github.com/milvus-io/milvus,Infiniflow ,Co-founder
Paul Copplestone,https://github.com/kiwicopple,AI Infra,https://paul.copplest.one/,https://x.com/kiwicopple/highlights,https://www.linkedin.com/in/paulcopplestone,https://encrypted-tbn0.gstatic.com/images?q=tbn:ANd9GcR2GY1R463ROVlKnH1d1Mai4jZxPITfY2n_pA&s,Supabase,https://github.com/supabase/supabase,Supabase,CEO
Flavio Schneider,https://github.com/flavioschneider,Audio,https://flavioschneider.com/,https://x.com/flavioschneide,,https://pbs.twimg.com/profile_images/1263544723471466497/bnfte_-6_400x400.jpg,Audio Diffusion Model,https://github.com/archinetai/audio-diffusion-pytorch,ElevenLabs,Machine Learning Researcher
Cong Lu,https://github.com/conglu1997,AI App,https://www.conglu.co.uk/,https://x.com/cong_ml,,https://avatars.githubusercontent.com/u/20336225?v=4,AI Scientist,https://github.com/SakanaAI/AI-Scientist,Sakana AI,Machine Learning Researcher
Brendan Eich,https://github.com/BrendanEich,Frontend,https://brendaneich.com/,https://x.com/BrendanEich,,https://avatars.githubusercontent.com/u/313317?v=4,Javascript,,Brave,CEO
Russ Cox,https://github.com/rsc,Distributed Systems and Parallel Computing,http://research.swtch.com/,https://x.com/_rsc,,https://avatars.githubusercontent.com/u/104030?v=4,Go,https://github.com/golang/go,Google,Distinguished Engineer
Robert Griesemer,https://github.com/griesemer,Distributed Systems and Parallel Computing,https://research.google/people/author96/?&type=google,,,https://encrypted-tbn0.gstatic.com/images?q=tbn:ANd9GcSaDM9bhm5dhcCg9ppIuPlhLER_r62bL6XFwQ&s,Go,https://github.com/golang/go,Google,Distinguished Engineer
Rob Pike,https://github.com/robpike,Distributed Systems and Parallel Computing,,,,https://encrypted-tbn0.gstatic.com/images?q=tbn:ANd9GcSTS4Sdj_TUOdYB5dqtYKfTrlNPghLzp_oqjw&s,Go,https://github.com/golang/go,Google,Distinguished Engineer
Jong Wook Kim,https://github.com/jongwook,Audio,http://jongwook.kim/,https://x.com/_jongwook_kim,https://www.linkedin.com/in/jongwook-kim,https://media.licdn.com/dms/image/v2/C4D03AQGVpNiox7yHoQ/profile-displayphoto-shrink_800_800/profile-displayphoto-shrink_800_800/0/1517260299553?e=1749686400&v=beta&t=rPsiMOhC4aeiCdiwHc_yMxK-ghRUGh3XTFIm6nsJXdk,Whisper,https://github.com/openai/whisper,OpenAI,member of technical staff
Edward Z. Yang,https://github.com/ezyang,Distributed Systems and Parallel Computing,http://ezyang.com,https://x.com/ezyang,,https://ezyang.com/photo.png,PyTorch,https://github.com/pytorch/pytorch,Meta,Research Engineer
David Luzar,https://github.com/dwelle,Full-stack,,https://x.com/dluzar,https://www.linkedin.com/in/david-luzar-39b14411,https://pbs.twimg.com/profile_images/612996617675894784/vZD28qQO_400x400.png,Excalidraw,https://github.com/excalidraw/excalidraw,Excalidraw,Co-founder
Ryan Dahl,https://github.com/ry,Frontend,https://tinyclouds.org/,https://x.com/rough__sea,,https://encrypted-tbn0.gstatic.com/images?q=tbn:ANd9GcTAXBA9wOSJVqOnZVx0qC7ZfK9inMXJnlqsVA&s,Node.js,https://github.com/nodejs/node,Deno,Co-founder
Brendan Burns,https://github.com/brendandburns,Full-stack,,https://x.com/brendandburns,https://www.linkedin.com/in/brendan-burns-487aa590,https://avatars.githubusercontent.com/u/5751682?v=4,Kubernetes,https://github.com/kubernetes/kubernetes,Microsoft,Vice-President
Ricardo Cabello,https://github.com/mrdoob,Frontend,https://mrdoob.com/,https://x.com/mrdoob,https://www.linkedin.com/in/mrdoob,https://pbs.twimg.com/profile_images/1619147369999917056/5jd5MK9C_400x400.jpg,Three.js,https://github.com/mrdoob/three.js,Google,Senior Staff Software Engineer
Robin Rombach,https://github.com/rromb,AIGC,,https://x.com/robrombach,,https://nextconf.eu/wp-content/uploads/2022/08/Robin_Rombach.png,Stable Diffusion,https://github.com/CompVis/stable-diffusion,Black Forest Labs,CEO
Olivier Grisel,https://github.com/ogrisel,Machine Learning,https://ogrisel.com/,https://x.com/ogrisel,,https://cdn.masto.host/sigmoidsocial/accounts/avatars/109/394/163/369/992/770/original/c471f5d679dace8d.jpg,Scikit-learn,https://github.com/scikit-learn/scikit-learn,:probabl.,Engineer 
Adrian Holovaty,https://github.com/adrianholovaty,Backend,https://www.holovaty.com/,https://x.com/adrianholovaty,,https://avatars.githubusercontent.com/u/180401?v=4,Django,https://github.com/django/django,Soundslice,Founder
Gary Bradski,https://github.com/garybradski,Computer Vision,https://en.wikipedia.org/wiki/Gary_Bradski,https://x.com/grbradsk,https://www.linkedin.com/in/garybradski/,https://avatars.githubusercontent.com/u/810997?v=4,OpenCV,https://github.com/opencv/opencv,OpenCV Open source Foundation,President
Knut Sveidqvist,https://github.com/knsv,Frontend,,https://x.com/knutsveidqvist,https://www.linkedin.com/in/knut-sveidqvist,https://avatars.githubusercontent.com/u/5837277?v=4,Mermaid,https://github.com/mermaid-js/mermaid,Mermaid Chart,CTO
Georgi Gerganov,https://github.com/ggerganov,AI Infra,https://ggerganov.com/,https://x.com/ggerganov,,https://pbs.twimg.com/profile_images/1654097134315098113/zCZD0wYz_400x400.jpg,llama.cpp,https://github.com/ggml-org/llama.cpp,ggml,Founder
Matthias Fey,https://github.com/rusty1s,GNN,https://rusty1s.github.io/,https://x.com/rusty1s,https://www.linkedin.com/in/matthias-fey-b4a947221,https://avatars.githubusercontent.com/u/6945922?v=4,PyTorch Geometric,https://github.com/pyg-team/pytorch_geometric,Kumo.AI ,Founding Engineer 
Shay Banon,https://github.com/kimchy,Distributed Systems and Web Search,https://thedudeabides.com/,https://x.com/kimchy,https://www.linkedin.com/in/kimchy/,https://static-www.elastic.co/v3/assets/bltefdd0b53724fa2ce/blt21565aeab3c287e8/5f4ecb7ed2205827bd4f79fc/headshot-shay-banon-300x300.jpg,Elasticsearch ,https://github.com/elastic/elasticsearch,Elastic,CTO
Salvatore Sanfilippo,https://github.com/antirez,Database,http://invece.org/,https://x.com/antirez,,https://pbs.twimg.com/profile_images/1779914746159882240/v6h2w9g0_400x400.jpg,Redis,https://github.com/redis/redis,Redis Lab,Co-founder
Armin Ronacher,https://github.com/mitsuhiko,Full-stack,https://lucumr.pocoo.org/,https://x.com/mitsuhiko,https://www.linkedin.com/in/arminronacher,https://avatars.githubusercontent.com/u/7396?v=4,Flask,https://github.com/pallets/flask,Sentry,VP of platform
Chris Lattner,https://github.com/lattner,Compiler ,https://nondot.org/sabre/,https://x.com/clattner_llvm,https://www.linkedin.com/in/chris-lattner-5664498a,https://nondot.org/sabre/img/ChrisPhoto5.jpg,LLVM,https://github.com/llvm/llvm-project,Modular AI,CEO
Michael Niedermayer,https://github.com/michaelni,,https://guru.multimedia.cx/,,https://www.linkedin.com/in/michaelniedermayer,https://avatars.githubusercontent.com/u/729390?v=4,ffmpeg,https://github.com/FFmpeg/Ffmpeg,FFMPEG,Maintainer
Timoth¨¦e Lacroix,https://github.com/timlacroix,LLM,,https://x.com/tlacroix6,https://www.linkedin.com/in/timothee-lacroix-59517977,https://encrypted-tbn0.gstatic.com/images?q=tbn:ANd9GcSu8Ip1ZNSijGfFucl1WCanG2BAKVkRc6jBUA&s,llama,https://github.com/meta-llama/llama,Mistral AI,CTO
Jeremy Daer,https://github.com/jeremy,Web,https://jeremydaer.com/,https://x.com/bitsweat,https://www.linkedin.com/in/jeremydaer/,https://avatars.githubusercontent.com/u/199?v=4,Ruby on Rails,https://github.com/rails/rails,37Signals,Programmer
Pablo Hoffman,https://github.com/pablohoffman,Web,https://pablohoffman.com/,https://x.com/pablohoffman,,https://avatars.githubusercontent.com/u/185212?v=4,Scrapy,https://github.com/scrapy/scrapy,zytedata,Founder
Adam Geitgey,https://github.com/ageitgey,Computer Vision,https://www.adamgeitgey.com/,https://x.com/ageitgey,https://www.linkedin.com/learning/instructors/adam-geitgey,https://avatars.githubusercontent.com/u/896692?v=4,Face Recognition,https://github.com/ageitgey/face_recognition,Turquoise Health,Founder
Glenn Jocher,https://github.com/glenn-jocher,Computer Vision,https://ultralytics.com/,https://x.com/ultralytics,https://www.linkedin.com/in/glenn-jocher/,https://pbs.twimg.com/media/F7CWHtkWwAA6v9F?format=jpg&name=4096x4096,yolov5,https://github.com/ultralytics/yolov5,Ultralytics ,CEO
Igor Babuschkin,https://github.com/ibab,LLMSys,https://babushk.in/,https://x.com/ibab,,https://avatars.githubusercontent.com/u/890531?v=4,grok,https://github.com/xai-org/grok-1,xAI,Research Engineer
Alexander Udalov,https://github.com/udalov,Programming Language,https://udalov.org/,https://x.com/udalov,https://www.linkedin.com/in/alexander-udalov-59647b13,https://avatars.githubusercontent.com/u/292714?v=4,Kotlin,https://github.com/JetBrains/kotlin,JetBrains,Software Engineer
Eric Mintun,http://github.com/ericmintun,Computer Vision,https://ericmintun.github.io/,,,https://ericmintun.github.io/images/profile_circle.png,Segment Anything,https://github.com/facebookresearch/segment-anything,Meta,Research Engineer
Xiang Li,https://github.com/xiang90,Cloud Computing,,,https://www.linkedin.com/in/xiang-li-92892429,https://media.licdn.com/dms/image/v2/D5603AQHczC94YthHAQ/profile-displayphoto-shrink_800_800/profile-displayphoto-shrink_800_800/0/1726116076551?e=1750291200&v=beta&t=-K8cBUnXyQKE6n71DnlrNbACKntQ5p-4_QXe4UzRW4A,etcd,https://github.com/etcd-io/etcd,Google,"
Staff Software Engineer"
Jeffrey Wilcke,https://github.com/obscuren,Blockchain & Video Game,,https://x.com/jeffehh,,https://pbs.twimg.com/profile_images/1892681930761531392/QKoDNY1H_400x400.jpg,ethereum,https://github.com/ethereum,Grid Games,Founder
Andy Jordan,https://github.com/andyleejordan,System,https://andyleejordan.com/,,,https://avatars.githubusercontent.com/u/2226434?v=4,Powershell,https://github.com/PowerShell/PowerShell,Microsoft,Senior Software Engineer
Niels Lohmann,https://github.com/nlohmann,C++,https://nlohmann.me/,,https://www.linkedin.com/in/nielslohmann/,https://avatars.githubusercontent.com/u/159488?v=4,Json for C++,https://github.com/nlohmann/json,Mercedes-Benz,Engineering Lead
Wes McKinney,https://github.com/wesm,Database,https://wesmckinney.com/,https://x.com/wesmckinn,https://www.linkedin.com/in/wesmckinn,https://avatars.githubusercontent.com/u/329591?v=4,Pandas,https://github.com/pandas-dev/pandas,Posit,Principal Architect
Sebastian McKenzie,https://github.com/sebmck,Compiler ,,https://x.com/sebmck,https://www.linkedin.com/in/sebastian-mckenzie-96925b106,https://media.licdn.com/dms/image/v2/C5603AQF_IAGZeLOQmA/profile-displayphoto-shrink_200_200/profile-displayphoto-shrink_200_200/0/1607711842373?e=2147483647&v=beta&t=OED_OWS99eEsdER_FyHehWk2Eas83GbwGCvtDu0lVJY,babel,https://github.com/babel/babel,Self-employed,Founder
Mike McQuaid,https://github.com/MikeMcQuaid,Full-stack,https://mikemcquaid.com/,https://x.com/MikeMcQuaid,https://www.linkedin.com/in/mkmcqd,https://avatars.githubusercontent.com/u/125011?v=4,Homebrew,https://github.com/Homebrew/brew,Workbrew,Co-founder
Xinbing Liang,https://github.com/mannaandpoem,AI Agent,,https://x.com/manna56749964,,https://pbs.twimg.com/profile_images/1893205178909892609/82HSA42G_400x400.jpg,OpenManus,https://github.com/mannaandpoem/OpenManus,Manus,Engineer
Chi Wang,https://github.com/sonichi,AI Agent,,https://x.com/Chi_Wang_,https://www.linkedin.com/in/chi-wang-autogen,https://pbs.twimg.com/profile_images/1709614695198371840/jtHJjNXQ_400x400.jpg,AutoGen,https://github.com/microsoft/autogen,AutoGen ,Founder
Craig Tiller,https://github.com/ctiller,Architecture,,,https://www.linkedin.com/in/craigtiller/,https://avatars.githubusercontent.com/u/10120821?v=4,gRPC,https://github.com/grpc/grpc,Google,Senior Staff Software Engineer
Zhengxiao Du,https://github.com/duzx16,LLM,https://zxdu.xyz/,,,https://zxdu.xyz/authors/admin/avatar_hu7e2cbb0813f9c409aba9226cd1386a71_4073407_270x270_fill_lanczos_center_3.png,ChatGLM,https://github.com/THUDM/ChatGLM-6B,Tsinghua University,PHD
Matei Zaharia,https://github.com/mateiz,Large-Scale Data Processing,https://people.eecs.berkeley.edu/~matei/,https://x.com/matei_zaharia,https://www.linkedin.com/in/mateizaharia/,https://cs.stanford.edu/~matei/matei.jpg,Spark,https://github.com/apache/spark,UC Berkeley,Associate Professor
Jacob Devlin,https://github.com/jacobdevlin-google,LLM,,,https://www.linkedin.com/in/jacob-devlin-135ab048,https://avatars.githubusercontent.com/u/44483550?v=4,Bert,https://github.com/google-research/bert,Google,Software Engineer
Thiago Teixeira,https://github.com/tvst,User Experience,https://thiagot.com/,https://x.com/ThiagoTDotCom,https://www.linkedin.com/in/thiagotdotcom,https://avatars.githubusercontent.com/u/690814?v=4,Streamlit,https://github.com/streamlit/streamlit,Snowflake,Director of Product Management 
Ed Huang,https://github.com/c4pt0r,Database,https://0xffff.me/,https://x.com/dxhuang,https://www.linkedin.com/in/eddxhuang,https://image.itmedia.co.jp/ait/articles/2202/24/ait_220224_tidb.png,Tidb,https://github.com/pingcap/tidb,PingCAP,CTO
Bram Moolenaar,https://github.com/brammool,Text Editor,,,,https://encrypted-tbn0.gstatic.com/images?q=tbn:ANd9GcRQCWLO5li5HB5-jUWZUveT8TjIKGZ78FYUuA&s,Vim,https://github.com/vim/vim,Pass Away,Pass Away
Jeff Rasley,https://github.com/jeffra,Distributed System,https://cs.brown.edu/people/jrasley/,https://x.com/jeffra45,https://www.linkedin.com/in/jeffrasley,https://cs.brown.edu/people/jrasley/jeff_photo_thumb.jpg,DeepSpeed,https://github.com/deepspeedai/DeepSpeed,Snowflake,AI Researcher
Colin McDonnell,https://github.com/colinhacks,TypeScript,https://colinhacks.com/,https://x.com/colinhacks,,https://pbs.twimg.com/profile_images/1580243602684395520/aqyWgB1y_400x400.jpg,Zod,https://github.com/colinhacks/zod,Clerk,OSS Fellow
Xintao Wang,https://github.com/xinntao,AIGC,https://xinntao.github.io/,https://x.com/xinntao,,https://pbs.twimg.com/profile_images/1880842225955049472/paCLAfEW_400x400.jpg,GFPGAN,https://github.com/TencentARC/GFPGAN,Kuaishou,Senior Staff Researcher
Greg Brockman,https://github.com/gdb,Reinforcement Learning,https://gregbrockman.com/,https://x.com/gdb,https://www.linkedin.com/in/thegdb,https://www.gravatar.com/avatar/a8899262a6722e34f543a3209d16f6cd?s=140,Gym,https://github.com/openai/gym,OpenAI,"President, Chairman, & Co-Founder"
Philipp Moritz,https://github.com/pcmoritz,Distributed System,,https://x.com/pcmoritz?lang=en,https://www.linkedin.com/in/philipp-moritz-61419682,https://pbs.twimg.com/profile_images/1688653323870855168/d82Y12Ok_400x400.jpg,Ray,https://github.com/ray-project/ray,AnyScale,CTO
Ô´ÎÄÓê,https://github.com/fumiama,TTS,https://blog.csdn.net/u011570312,https://x.com/MinamotoFumiama,,https://pbs.twimg.com/profile_images/1269844352324579334/QlmDt4hC_400x400.jpg,ChatTTS,https://github.com/2noise/ChatTTS,WASEDA University,Student
Xingang Pan,https://github.com/XingangPan,AIGC,https://xingangpan.github.io/,https://x.com/XingangP,https://www.linkedin.com/in/%E6%96%B0%E9%92%A2-%E6%BD%98-839060a5/,https://xingangpan.github.io/picture/xingangpan.png,DragGAN ,https://github.com/XingangPan/DragGAN,Nanyang Technological University,Assistant Professor
Nicolas Camara,https://github.com/nickscamara,Frontend,https://www.firecrawl.dev/,https://x.com/nickscamara_,,https://pbs.twimg.com/profile_images/1599993355089465344/R6Al_s_H_400x400.jpg,Firecrawl,https://github.com/mendableai/firecrawl,Firecrawl ,Founder
Nicolas De loof,https://github.com/ndeloof,Server,https://blog.loof.fr/,https://x.com/ndeloof,https://www.linkedin.com/in/ndeloof,https://encrypted-tbn0.gstatic.com/images?q=tbn:ANd9GcQCHSrU2bB2icp_UaIVK1l7ebWvosp23oIssQ&s,Docker,https://github.com/docker/compose,Docker,Staff Software Engineer
Matthijs Douze,https://github.com/mdouze,AI Infra,https://ai.meta.com/people/804301491840160/matthijs-douze/,https://x.com/DouzeMatthijs,https://www.linkedin.com/in/matthijs-douze-750980177,https://scontent-itm1-1.xx.fbcdn.net/v/t39.35477-6/433879927_446072361186162_4005046883697465438_n.jpg?_nc_cat=107&ccb=1-7&_nc_sid=e280be&_nc_ohc=bm9mAd08nSEQ7kNvwEz6hv1&_nc_oc=AdkiLylNwtLK_Nk9BQD7BG4Gim75FdtANpF1GUEKDpNOknl046RAsJFKqBf3nyvSICQ&_nc_zt=14&_nc_ht=scontent-itm1-1.xx&_nc_gid=UyCWkhIdekyvsPyTfgdLZQ&oh=00_AfEKHW4I0Fi-ovgaiNpYXoVefECouHChFfuKyDcrd1N2ZQ&oe=680126F3,Faiss,https://github.com/facebookresearch/faiss,Meta,Research Scientist
Andy Sun,https://github.com/fxsjy,NLP,,,,https://encrypted-tbn0.gstatic.com/images?q=tbn:ANd9GcSL64mCRKZphpZnuVffqtYeYfjW7JokWLRFuw&s,Jieba,https://github.com/fxsjy/jieba,Web3 Company,Developer
Trustin Lee,https://github.com/trustin,Network,https://t.motd.kr/,https://x.com/trustin,https://www.linkedin.com/in/trustin,https://avatars.githubusercontent.com/u/173918?v=4,netty,https://github.com/netty/netty,Line,Software Engineer
Asim Shrestha,https://github.com/asim-shrestha,Web,https://asim-shrestha.com/,https://x.com/asimdotshrestha,,https://avatars.githubusercontent.com/u/50181239?v=4,AgentGPT,https://github.com/reworkd/AgentGPT,Reworkd,Co-founder
Lyumin Zhang,https://github.com/lllyasviel,AIGC,https://lllyasviel.github.io/,https://x.com/lvminzhang,,https://encrypted-tbn0.gstatic.com/images?q=tbn:ANd9GcSHyrRkYEu9tR3NeP3K0nkDg7kLM7xWB7wpqQ&s,ControlNet,https://github.com/lllyasviel/ControlNet,Stanford,PHD
Mengjun Xie,https://github.com/astaxie,Go,,,,"https://tva4.sinaimg.cn/crop.92.10.266.266.180/709827d9jw8ezx11051d9j20dc08wwer.jpg?KID=imgbed,tva&Expires=1744535788&ssig=LxbECCagEQ",beego,https://github.com/beego/beego,jimengIO,Software Engineer
Peter Hawkins,https://github.com/hawkinsp,AI Infra,https://theory.stanford.edu/~hawkinsp/,,,https://theory.stanford.edu/~hawkinsp/peter.jpg,Jax,https://github.com/jax-ml/jax,Google,Software Engineer
Yuxin Wu,https://github.com/ppwwyyxx,AI,https://ppwwyyxx.com/,https://x.com/ppwwyyxx,,https://encrypted-tbn0.gstatic.com/images?q=tbn:ANd9GcQYiNfTxZOgYqVUULO0sDsOnAVlQl8R7Dh4Ww&s,Detectron2 ,https://github.com/facebookresearch/detectron2,Moonshot AI,Co-founder
Rico Sta. Cruz,https://github.com/rstacruz,Frontend,https://ricostacruz.com/,https://x.com/rstacruz,,https://avatars.githubusercontent.com/u/74385?v=4,pnpm,https://github.com/pnpm/pnpm,SEEK,Software Engineer
Zengyi Qin,https://github.com/Zengyi-Qin,Audio,https://www.qinzy.tech/,https://x.com/mitqinzy,,https://avatars.githubusercontent.com/u/40556743?v=4,OpenVoice,https://github.com/myshell-ai/OpenVoice,Myshell,Co-founder
Myle Ott,https://github.com/myleott,NLP,https://myleott.com/,https://x.com/myleott,https://www.linkedin.com/in/myleott/,https://avatars.githubusercontent.com/u/231798?v=4,Fairseq,https://github.com/facebookresearch/fairseq,Thinking Machines Lab,member of technical staff
Meng Zhang,https://github.com/wsxiaoys,AI Agent,,https://x.com/mzh1024,https://www.linkedin.com/in/mzh0,https://pbs.twimg.com/profile_images/1710042262972059648/v_77IUf-_400x400.jpg,Tabby,https://github.com/TabbyML/tabby,TabbyML,Co-founder
Kai Chen,https://github.com/hellock,Computer Vision,https://chenkai.site/,,,https://avatars.githubusercontent.com/u/9102141?v=4,MMDetection,https://github.com/open-mmlab/mmdetection,Shanghai AI Laboratory,Research Scientist & Head of Large Model Center
Jo?o Moura,https://github.com/joaomdmoura,AI Agent,https://crewai.com/,https://twitter.com/joaomdmoura,,https://avatars.githubusercontent.com/u/667063?v=4,CrewAI,https://github.com/crewAIInc/crewAI,CrewAI,Founder
Lutz Roeder,https://github.com/lutzroeder,Visualization,https://www.lutzroeder.com/,https://x.com/lutzroeder,,https://avatars.githubusercontent.com/u/438516?v=4,Netron,https://github.com/lutzroeder/netron,Microsoft,Software Engineer
Neha Narkhede,https://github.com/nehanarkhede,Cloud Computing,https://www.nehanarkhede.com/,https://x.com/nehanarkhede,,https://images.squarespace-cdn.com/content/v1/6693c30fe5bdb53ab0742fd2/cf2f19c6-3641-4f3d-8ba2-0915d517d7c8/Neha+professional+headshot.jpeg?format=2500w,Kafka,https://github.com/apache/kafka,Oscilar,Co-founder
William Falcon,https://github.com/williamFalcon,AI Infra,https://www.williamfalcon.com/,https://x.com/_willfalcon,https://www.linkedin.com/in/wfalcon,https://avatars.githubusercontent.com/u/3640001?v=4,pytorch-lightning,https://github.com/Lightning-AI/pytorch-lightning,Lightning AI,CEO
Samy Pess¨¦,https://github.com/SamyPesse,Full-stack,https://www.gitbook.com/,https://x.com/SamyPesse,,https://avatars.githubusercontent.com/u/845425?v=4,Gitbook,https://github.com/GitbookIO/gitbook,Gitbook,CTO
Wei Liu(ÁõÎ¬),https://github.com/thinkwee,LLM,https://thinkwee.top/,https://x.com/thinkwee2767,,https://thinkwee.top/img/avatar.jpg,ChatDev,https://github.com/OpenBMB/ChatDev,KCL,PHD
Rakpong Kittinaradorn,https://github.com/rkcosmos,Computer Vision,,https://x.com/JaidedAI,,https://avatars.githubusercontent.com/u/12238328?v=4,EasyOCR,https://github.com/JaidedAI/EasyOCR,Jaided AI,Co-founder
Igor Sysoev,https://github.com/igorsysoev,Web,http://sysoev.ru/en/,https://x.com/isysoev?lang=en,,https://encrypted-tbn0.gstatic.com/images?q=tbn:ANd9GcQpYbEZ_2H6SbG03twmdwv_AqAJpcGXrV72CA&s,NGINX ,https://github.com/nginx/nginx,F5 Networks,Researcher
Jeremy Howard,https://github.com/jph00,AI,https://jeremy.fast.ai/,https://x.com/jeremyphoward,,https://jeremy.fast.ai/images/jeremy.jpg,fastai,https://github.com/fastai/fastai,answer.ai,CEO
Yuanming Hu,https://github.com/yuanming-hu,Graphics,https://yuanming.taichi.graphics/,https://x.com/yuanmingh,https://www.linkedin.com/in/ethan-yuanming-hu/,https://avatars.githubusercontent.com/u/6553256?v=4,Taichi,https://github.com/taichi-dev/taichi,Meshy,CEO
Casper da Costa-Luis,https://github.com/casperdcl,Python,https://cdcl.ml/,,,https://i.ytimg.com/vi/eUukO8sKHV4/maxresdefault.jpg,Tqdm,https://github.com/tqdm/tqdm,Prem AI,Tech lead 
